"0","cat(sort(rivers))"
"1","135"
"1"," "
"1","202"
"1"," "
"1","210"
"1"," "
"1","210"
"1"," "
"1","215"
"1"," "
"1","217"
"1"," "
"1","230"
"1"," "
"1","230"
"1"," "
"1","233"
"1"," "
"1","237"
"1"," "
"1","246"
"1"," "
"1","250"
"1"," "
"1","250"
"1"," "
"1","250"
"1"," "
"1","255"
"1"," "
"1","259"
"1"," "
"1","260"
"1"," "
"1","260"
"1"," "
"1","265"
"1"," "
"1","268"
"1"," "
"1","270"
"1"," "
"1","276"
"1"," "
"1","280"
"1"," "
"1","280"
"1"," "
"1","280"
"1"," "
"1","281"
"1"," "
"1","286"
"1"," "
"1","290"
"1"," "
"1","291"
"1"," "
"1","300"
"1"," "
"1","300"
"1"," "
"1","300"
"1"," "
"1","301"
"1"," "
"1","306"
"1"," "
"1","310"
"1"," "
"1","310"
"1"," "
"1","314"
"1"," "
"1","315"
"1"," "
"1","320"
"1"," "
"1","325"
"1"," "
"1","327"
"1"," "
"1","329"
"1"," "
"1","330"
"1"," "
"1","332"
"1"," "
"1","336"
"1"," "
"1","338"
"1"," "
"1","340"
"1"," "
"1","350"
"1"," "
"1","350"
"1"," "
"1","350"
"1"," "
"1","350"
"1"," "
"1","352"
"1"," "
"1","360"
"1"," "
"1","360"
"1"," "
"1","360"
"1"," "
"1","360"
"1"," "
"1","375"
"1"," "
"1","377"
"1"," "
"1","380"
"1"," "
"1","380"
"1"," "
"1","383"
"1"," "
"1","390"
"1"," "
"1","390"
"1"," "
"1","392"
"1"," "
"1","407"
"1"," "
"1","410"
"1"," "
"1","411"
"1"," "
"1","420"
"1"," "
"1","420"
"1"," "
"1","424"
"1"," "
"1","425"
"1"," "
"1","430"
"1"," "
"1","431"
"1"," "
"1","435"
"1"," "
"1","444"
"1"," "
"1","445"
"1"," "
"1","450"
"1"," "
"1","460"
"1"," "
"1","460"
"1"," "
"1","465"
"1"," "
"1","470"
"1"," "
"1","490"
"1"," "
"1","500"
"1"," "
"1","500"
"1"," "
"1","505"
"1"," "
"1","524"
"1"," "
"1","525"
"1"," "
"1","525"
"1"," "
"1","529"
"1"," "
"1","538"
"1"," "
"1","540"
"1"," "
"1","545"
"1"," "
"1","560"
"1"," "
"1","570"
"1"," "
"1","600"
"1"," "
"1","600"
"1"," "
"1","600"
"1"," "
"1","605"
"1"," "
"1","610"
"1"," "
"1","618"
"1"," "
"1","620"
"1"," "
"1","625"
"1"," "
"1","630"
"1"," "
"1","652"
"1"," "
"1","671"
"1"," "
"1","680"
"1"," "
"1","696"
"1"," "
"1","710"
"1"," "
"1","720"
"1"," "
"1","720"
"1"," "
"1","730"
"1"," "
"1","735"
"1"," "
"1","735"
"1"," "
"1","760"
"1"," "
"1","780"
"1"," "
"1","800"
"1"," "
"1","840"
"1"," "
"1","850"
"1"," "
"1","870"
"1"," "
"1","890"
"1"," "
"1","900"
"1"," "
"1","900"
"1"," "
"1","906"
"1"," "
"1","981"
"1"," "
"1","1000"
"1"," "
"1","1038"
"1"," "
"1","1054"
"1"," "
"1","1100"
"1"," "
"1","1171"
"1"," "
"1","1205"
"1"," "
"1","1243"
"1"," "
"1","1270"
"1"," "
"1","1306"
"1"," "
"1","1450"
"1"," "
"1","1459"
"1"," "
"1","1770"
"1"," "
"1","1885"
"1"," "
"1","2315"
"1"," "
"1","2348"
"1"," "
"1","2533"
"1"," "
"1","3710"
